archaeoID,MI,Anthro,Kontext,Datierung,Literatur,Abb,Skizze
XY 23,1,female,Ort Nr. 4,2021,\cites[55]{stachowiak}[13]{stroustrup},\cite[54 Abb 2.]{stroustrup},img/logo.png
XY 27,2,female,Ort Nr. 3,2004,\cites[77]{stachowiak}[34]{stroustrup},\cite[65 Abb 4.]{stroustrup},img/logo.png
XY 45,3,female,Ort Nr. 17,2022,\cites[95]{stachowiak}[83]{stroustrup},\cite[95 Abb 1.]{stroustrup},img/logo.png
XY 11,1,female,Ort Nr. 4,2021,\cites[55]{stachowiak}[13]{stroustrup},\cite[54 Abb 2.]{stroustrup},img/logo.png
XY 88,2,female,Ort Nr. 3,2004,\cites[77]{stachowiak}[34]{stroustrup},\cite[65 Abb 4.]{stroustrup},img/logo.png
XY 97,3,female,Ort Nr. 17,2022,\cites[95]{stachowiak}[83]{stroustrup},\cite[95 Abb 1.]{stroustrup},img/logo.png
